species.key,bwgname,category_range,measurement,name,value
4676,Diptera.10,category,larva_average,211,0
4676,Diptera.10,category,larva_average,216,0
4676,Diptera.10,category,larva_average,221,0
4676,Diptera.10,category,larva_average,226,0
4676,Diptera.10,category,larva_average,231,0
4676,Diptera.10,category,larva_average,236,0
4676,Diptera.10,category,larva_average,241,0
4676,Diptera.10,category,larva_average,246,0
4676,Diptera.10,category,larva_average,251,0
4676,Diptera.10,category,larva_average,256,0
4676,Diptera.10,category,larva_average,261,0
4676,Diptera.10,category,larva_average,266,0
4676,Diptera.10,category,larva_average,271,0
4676,Diptera.10,category,larva_average,276,0
4676,Diptera.10,category,larva_average,281,0
4676,Diptera.10,category,larva_average,286,1
4676,Diptera.10,category,larva_average,291,0
4676,Diptera.10,category,larva_average,296,0
4676,Diptera.10,category,larva_average,301,0
4676,Diptera.10,category,larva_average,306,0
4676,Diptera.10,category,larva_average,311,0
4676,Diptera.10,category,larva_average,316,0
4676,Diptera.10,category,larva_average,321,0
4676,Diptera.10,category,larva_average,326,0
4676,Diptera.10,category,larva_average,331,0
4676,Diptera.10,category,larva_average,12626,NA
3431,Diptera.7,category,larva_average,211,0
3431,Diptera.7,category,larva_average,216,0
3431,Diptera.7,category,larva_average,221,0
3431,Diptera.7,category,larva_average,226,0
3431,Diptera.7,category,larva_average,231,1
3431,Diptera.7,category,larva_average,236,0
3431,Diptera.7,category,larva_average,241,0
3431,Diptera.7,category,larva_average,246,0
3431,Diptera.7,category,larva_average,251,0
3431,Diptera.7,category,larva_average,256,0
3431,Diptera.7,category,larva_average,261,0
3431,Diptera.7,category,larva_average,266,0
3431,Diptera.7,category,larva_average,271,0
3431,Diptera.7,category,larva_average,276,0
3431,Diptera.7,category,larva_average,281,0
3431,Diptera.7,category,larva_average,286,0
3431,Diptera.7,category,larva_average,291,0
3431,Diptera.7,category,larva_average,296,0
3431,Diptera.7,category,larva_average,301,0
3431,Diptera.7,category,larva_average,306,0
3431,Diptera.7,category,larva_average,311,0
3431,Diptera.7,category,larva_average,316,0
3431,Diptera.7,category,larva_average,321,0
3431,Diptera.7,category,larva_average,326,0
3431,Diptera.7,category,larva_average,331,0
3431,Diptera.7,category,larva_average,12626,NA
3436,Diptera.184,category,larva_11mm,211,0
3436,Diptera.184,category,larva_11mm,216,0
3436,Diptera.184,category,larva_11mm,221,0
3436,Diptera.184,category,larva_11mm,226,0
3436,Diptera.184,category,larva_11mm,231,0
3436,Diptera.184,category,larva_11mm,236,0
3436,Diptera.184,category,larva_11mm,241,0
3436,Diptera.184,category,larva_11mm,246,0
3436,Diptera.184,category,larva_11mm,251,0
3436,Diptera.184,category,larva_11mm,256,0
3436,Diptera.184,category,larva_11mm,261,0
3436,Diptera.184,category,larva_11mm,266,0
3436,Diptera.184,category,larva_11mm,271,0
3436,Diptera.184,category,larva_11mm,276,0
3436,Diptera.184,category,larva_11mm,281,2
3436,Diptera.184,category,larva_11mm,286,1
3436,Diptera.184,category,larva_11mm,291,0
3436,Diptera.184,category,larva_11mm,296,0
3436,Diptera.184,category,larva_11mm,301,0
3436,Diptera.184,category,larva_11mm,306,0
3436,Diptera.184,category,larva_11mm,311,0
3436,Diptera.184,category,larva_11mm,316,0
3436,Diptera.184,category,larva_11mm,321,0
3436,Diptera.184,category,larva_11mm,326,0
3436,Diptera.184,category,larva_11mm,331,0
3436,Diptera.184,category,larva_11mm,12626,NA
3471,Diptera.30,category,larva_average,211,0
3471,Diptera.30,category,larva_average,216,0
3471,Diptera.30,category,larva_average,221,0
3471,Diptera.30,category,larva_average,226,0
3471,Diptera.30,category,larva_average,231,0
3471,Diptera.30,category,larva_average,236,0
3471,Diptera.30,category,larva_average,241,0
3471,Diptera.30,category,larva_average,246,3
3471,Diptera.30,category,larva_average,251,1
3471,Diptera.30,category,larva_average,256,1
3471,Diptera.30,category,larva_average,261,0
3471,Diptera.30,category,larva_average,266,3
3471,Diptera.30,category,larva_average,271,2
3471,Diptera.30,category,larva_average,276,0
3471,Diptera.30,category,larva_average,281,2
3471,Diptera.30,category,larva_average,286,1
3471,Diptera.30,category,larva_average,291,0
3471,Diptera.30,category,larva_average,296,0
3471,Diptera.30,category,larva_average,301,0
3471,Diptera.30,category,larva_average,306,0
3471,Diptera.30,category,larva_average,311,0
3471,Diptera.30,category,larva_average,316,1
3471,Diptera.30,category,larva_average,321,0
3471,Diptera.30,category,larva_average,326,0
3471,Diptera.30,category,larva_average,331,0
3471,Diptera.30,category,larva_average,12626,NA
3621,Diptera.20,category,larva_average,211,0
3621,Diptera.20,category,larva_average,216,0
3621,Diptera.20,category,larva_average,221,0
3621,Diptera.20,category,larva_average,226,0
3621,Diptera.20,category,larva_average,231,2
3621,Diptera.20,category,larva_average,236,0
3621,Diptera.20,category,larva_average,241,0
3621,Diptera.20,category,larva_average,246,0
3621,Diptera.20,category,larva_average,251,0
3621,Diptera.20,category,larva_average,256,3
3621,Diptera.20,category,larva_average,261,0
3621,Diptera.20,category,larva_average,266,0
3621,Diptera.20,category,larva_average,271,3
3621,Diptera.20,category,larva_average,276,0
3621,Diptera.20,category,larva_average,281,2
3621,Diptera.20,category,larva_average,286,0
3621,Diptera.20,category,larva_average,291,0
3621,Diptera.20,category,larva_average,296,0
3621,Diptera.20,category,larva_average,301,0
3621,Diptera.20,category,larva_average,306,0
3621,Diptera.20,category,larva_average,311,0
3621,Diptera.20,category,larva_average,316,0
3621,Diptera.20,category,larva_average,321,0
3621,Diptera.20,category,larva_average,326,0
3621,Diptera.20,category,larva_average,331,0
3621,Diptera.20,category,larva_average,12626,NA
3626,Diptera.22,category,larva_average,211,0
3626,Diptera.22,category,larva_average,216,0
3626,Diptera.22,category,larva_average,221,0
3626,Diptera.22,category,larva_average,226,0
3626,Diptera.22,category,larva_average,231,0
3626,Diptera.22,category,larva_average,236,6
3626,Diptera.22,category,larva_average,241,1
3626,Diptera.22,category,larva_average,246,5
3626,Diptera.22,category,larva_average,251,0
3626,Diptera.22,category,larva_average,256,0
3626,Diptera.22,category,larva_average,261,0
3626,Diptera.22,category,larva_average,266,9
3626,Diptera.22,category,larva_average,271,0
3626,Diptera.22,category,larva_average,276,0
3626,Diptera.22,category,larva_average,281,6
3626,Diptera.22,category,larva_average,286,10
3626,Diptera.22,category,larva_average,291,0
3626,Diptera.22,category,larva_average,296,0
3626,Diptera.22,category,larva_average,301,0
3626,Diptera.22,category,larva_average,306,0
3626,Diptera.22,category,larva_average,311,0
3626,Diptera.22,category,larva_average,316,0
3626,Diptera.22,category,larva_average,321,0
3626,Diptera.22,category,larva_average,326,0
3626,Diptera.22,category,larva_average,331,0
3626,Diptera.22,category,larva_average,12626,NA
3651,Diptera.4,category,larva_average,211,1
3651,Diptera.4,category,larva_average,216,0
3651,Diptera.4,category,larva_average,221,0
3651,Diptera.4,category,larva_average,226,0
3651,Diptera.4,category,larva_average,231,0
3651,Diptera.4,category,larva_average,236,0
3651,Diptera.4,category,larva_average,241,0
3651,Diptera.4,category,larva_average,246,0
3651,Diptera.4,category,larva_average,251,0
3651,Diptera.4,category,larva_average,256,0
3651,Diptera.4,category,larva_average,261,0
3651,Diptera.4,category,larva_average,266,0
3651,Diptera.4,category,larva_average,271,0
3651,Diptera.4,category,larva_average,276,0
3651,Diptera.4,category,larva_average,281,0
3651,Diptera.4,category,larva_average,286,0
3651,Diptera.4,category,larva_average,291,0
3651,Diptera.4,category,larva_average,296,1
3651,Diptera.4,category,larva_average,301,0
3651,Diptera.4,category,larva_average,306,0
3651,Diptera.4,category,larva_average,311,0
3651,Diptera.4,category,larva_average,316,21
3651,Diptera.4,category,larva_average,321,1
3651,Diptera.4,category,larva_average,326,0
3651,Diptera.4,category,larva_average,331,0
3651,Diptera.4,category,larva_average,12626,NA
3986,Diptera.171,category,larva_average,211,0
3986,Diptera.171,category,larva_average,216,0
3986,Diptera.171,category,larva_average,221,1
3986,Diptera.171,category,larva_average,226,1
3986,Diptera.171,category,larva_average,231,0
3986,Diptera.171,category,larva_average,236,0
3986,Diptera.171,category,larva_average,241,0
3986,Diptera.171,category,larva_average,246,0
3986,Diptera.171,category,larva_average,251,0
3986,Diptera.171,category,larva_average,256,0
3986,Diptera.171,category,larva_average,261,0
3986,Diptera.171,category,larva_average,266,0
3986,Diptera.171,category,larva_average,271,0
3986,Diptera.171,category,larva_average,276,0
3986,Diptera.171,category,larva_average,281,0
3986,Diptera.171,category,larva_average,286,0
3986,Diptera.171,category,larva_average,291,0
3986,Diptera.171,category,larva_average,296,0
3986,Diptera.171,category,larva_average,301,0
3986,Diptera.171,category,larva_average,306,0
3986,Diptera.171,category,larva_average,311,0
3986,Diptera.171,category,larva_average,316,0
3986,Diptera.171,category,larva_average,321,0
3986,Diptera.171,category,larva_average,326,0
3986,Diptera.171,category,larva_average,331,0
3986,Diptera.171,category,larva_average,12626,NA
3991,Diptera.175,category,larva_35_46mm,211,0
3991,Diptera.175,category,larva_35_46mm,216,2
3991,Diptera.175,category,larva_35_46mm,221,0
3991,Diptera.175,category,larva_35_46mm,226,1
3991,Diptera.175,category,larva_35_46mm,231,0
3991,Diptera.175,category,larva_35_46mm,236,7
3991,Diptera.175,category,larva_35_46mm,241,0
3991,Diptera.175,category,larva_35_46mm,246,12
3991,Diptera.175,category,larva_35_46mm,251,0
3991,Diptera.175,category,larva_35_46mm,256,0
3991,Diptera.175,category,larva_35_46mm,261,1
3991,Diptera.175,category,larva_35_46mm,266,21
3991,Diptera.175,category,larva_35_46mm,271,7
3991,Diptera.175,category,larva_35_46mm,276,1
3991,Diptera.175,category,larva_35_46mm,281,8
3991,Diptera.175,category,larva_35_46mm,286,15
3991,Diptera.175,category,larva_35_46mm,291,0
3991,Diptera.175,category,larva_35_46mm,296,0
3991,Diptera.175,category,larva_35_46mm,301,4
3991,Diptera.175,category,larva_35_46mm,306,0
3991,Diptera.175,category,larva_35_46mm,311,0
3991,Diptera.175,category,larva_35_46mm,316,0
3991,Diptera.175,category,larva_35_46mm,321,0
3991,Diptera.175,category,larva_35_46mm,326,0
3991,Diptera.175,category,larva_35_46mm,331,0
3991,Diptera.175,category,larva_35_46mm,12626,NA
3996,Diptera.190,category,larva_average,211,1
3996,Diptera.190,category,larva_average,216,0
3996,Diptera.190,category,larva_average,221,0
3996,Diptera.190,category,larva_average,226,0
3996,Diptera.190,category,larva_average,231,0
3996,Diptera.190,category,larva_average,236,0
3996,Diptera.190,category,larva_average,241,1
3996,Diptera.190,category,larva_average,246,2
3996,Diptera.190,category,larva_average,251,0
3996,Diptera.190,category,larva_average,256,1
3996,Diptera.190,category,larva_average,261,0
3996,Diptera.190,category,larva_average,266,6
3996,Diptera.190,category,larva_average,271,3
3996,Diptera.190,category,larva_average,276,0
3996,Diptera.190,category,larva_average,281,2
3996,Diptera.190,category,larva_average,286,2
3996,Diptera.190,category,larva_average,291,0
3996,Diptera.190,category,larva_average,296,15
3996,Diptera.190,category,larva_average,301,3
3996,Diptera.190,category,larva_average,306,0
3996,Diptera.190,category,larva_average,311,5
3996,Diptera.190,category,larva_average,316,0
3996,Diptera.190,category,larva_average,321,0
3996,Diptera.190,category,larva_average,326,0
3996,Diptera.190,category,larva_average,331,0
3996,Diptera.190,category,larva_average,12626,NA
4006,Diptera.206,category,larva_5mm,211,14
4006,Diptera.206,category,larva_5mm,216,21
4006,Diptera.206,category,larva_5mm,221,7
4006,Diptera.206,category,larva_5mm,226,12
4006,Diptera.206,category,larva_5mm,231,18
4006,Diptera.206,category,larva_5mm,236,29
4006,Diptera.206,category,larva_5mm,241,4
4006,Diptera.206,category,larva_5mm,246,75
4006,Diptera.206,category,larva_5mm,251,0
4006,Diptera.206,category,larva_5mm,256,31
4006,Diptera.206,category,larva_5mm,261,2
4006,Diptera.206,category,larva_5mm,266,57
4006,Diptera.206,category,larva_5mm,271,82
4006,Diptera.206,category,larva_5mm,276,11
4006,Diptera.206,category,larva_5mm,281,11
4006,Diptera.206,category,larva_5mm,286,89
4006,Diptera.206,category,larva_5mm,291,0
4006,Diptera.206,category,larva_5mm,296,0
4006,Diptera.206,category,larva_5mm,301,31
4006,Diptera.206,category,larva_5mm,306,7
4006,Diptera.206,category,larva_5mm,311,14
4006,Diptera.206,category,larva_5mm,316,0
4006,Diptera.206,category,larva_5mm,321,0
4006,Diptera.206,category,larva_5mm,326,0
4006,Diptera.206,category,larva_5mm,331,0
4006,Diptera.206,category,larva_5mm,12626,NA
4011,Diptera.207,category,larva_average,211,0
4011,Diptera.207,category,larva_average,216,0
4011,Diptera.207,category,larva_average,221,0
4011,Diptera.207,category,larva_average,226,0
4011,Diptera.207,category,larva_average,231,0
4011,Diptera.207,category,larva_average,236,0
4011,Diptera.207,category,larva_average,241,2
4011,Diptera.207,category,larva_average,246,3
4011,Diptera.207,category,larva_average,251,0
4011,Diptera.207,category,larva_average,256,0
4011,Diptera.207,category,larva_average,261,2
4011,Diptera.207,category,larva_average,266,3
4011,Diptera.207,category,larva_average,271,9
4011,Diptera.207,category,larva_average,276,0
4011,Diptera.207,category,larva_average,281,0
4011,Diptera.207,category,larva_average,286,16
4011,Diptera.207,category,larva_average,291,1
4011,Diptera.207,category,larva_average,296,7
4011,Diptera.207,category,larva_average,301,18
4011,Diptera.207,category,larva_average,306,3
4011,Diptera.207,category,larva_average,311,0
4011,Diptera.207,category,larva_average,316,33
4011,Diptera.207,category,larva_average,321,23
4011,Diptera.207,category,larva_average,326,30
4011,Diptera.207,category,larva_average,331,3
4011,Diptera.207,category,larva_average,12626,NA
4016,Diptera.236,category,larva_average,211,0
4016,Diptera.236,category,larva_average,216,0
4016,Diptera.236,category,larva_average,221,0
4016,Diptera.236,category,larva_average,226,0
4016,Diptera.236,category,larva_average,231,1
4016,Diptera.236,category,larva_average,236,0
4016,Diptera.236,category,larva_average,241,0
4016,Diptera.236,category,larva_average,246,0
4016,Diptera.236,category,larva_average,251,0
4016,Diptera.236,category,larva_average,256,0
4016,Diptera.236,category,larva_average,261,0
4016,Diptera.236,category,larva_average,266,0
4016,Diptera.236,category,larva_average,271,0
4016,Diptera.236,category,larva_average,276,0
4016,Diptera.236,category,larva_average,281,0
4016,Diptera.236,category,larva_average,286,0
4016,Diptera.236,category,larva_average,291,0
4016,Diptera.236,category,larva_average,296,0
4016,Diptera.236,category,larva_average,301,0
4016,Diptera.236,category,larva_average,306,0
4016,Diptera.236,category,larva_average,311,0
4016,Diptera.236,category,larva_average,316,0
4016,Diptera.236,category,larva_average,321,0
4016,Diptera.236,category,larva_average,326,0
4016,Diptera.236,category,larva_average,331,0
4016,Diptera.236,category,larva_average,12626,NA
4026,Diptera.263,category,larva_average,211,0
4026,Diptera.263,category,larva_average,216,0
4026,Diptera.263,category,larva_average,221,6
4026,Diptera.263,category,larva_average,226,7
4026,Diptera.263,category,larva_average,231,1
4026,Diptera.263,category,larva_average,236,1
4026,Diptera.263,category,larva_average,241,0
4026,Diptera.263,category,larva_average,246,19
4026,Diptera.263,category,larva_average,251,0
4026,Diptera.263,category,larva_average,256,5
4026,Diptera.263,category,larva_average,261,1
4026,Diptera.263,category,larva_average,266,0
4026,Diptera.263,category,larva_average,271,0
4026,Diptera.263,category,larva_average,276,3
4026,Diptera.263,category,larva_average,281,0
4026,Diptera.263,category,larva_average,286,4
4026,Diptera.263,category,larva_average,291,0
4026,Diptera.263,category,larva_average,296,0
4026,Diptera.263,category,larva_average,301,1
4026,Diptera.263,category,larva_average,306,10
4026,Diptera.263,category,larva_average,311,0
4026,Diptera.263,category,larva_average,316,0
4026,Diptera.263,category,larva_average,321,0
4026,Diptera.263,category,larva_average,326,0
4026,Diptera.263,category,larva_average,331,0
4026,Diptera.263,category,larva_average,12626,NA
4036,Diptera.5,category,larva_average,211,0
4036,Diptera.5,category,larva_average,216,0
4036,Diptera.5,category,larva_average,221,0
4036,Diptera.5,category,larva_average,226,0
4036,Diptera.5,category,larva_average,231,0
4036,Diptera.5,category,larva_average,236,2
4036,Diptera.5,category,larva_average,241,0
4036,Diptera.5,category,larva_average,246,0
4036,Diptera.5,category,larva_average,251,0
4036,Diptera.5,category,larva_average,256,0
4036,Diptera.5,category,larva_average,261,0
4036,Diptera.5,category,larva_average,266,0
4036,Diptera.5,category,larva_average,271,0
4036,Diptera.5,category,larva_average,276,0
4036,Diptera.5,category,larva_average,281,0
4036,Diptera.5,category,larva_average,286,0
4036,Diptera.5,category,larva_average,291,0
4036,Diptera.5,category,larva_average,296,0
4036,Diptera.5,category,larva_average,301,0
4036,Diptera.5,category,larva_average,306,0
4036,Diptera.5,category,larva_average,311,0
4036,Diptera.5,category,larva_average,316,0
4036,Diptera.5,category,larva_average,321,0
4036,Diptera.5,category,larva_average,326,0
4036,Diptera.5,category,larva_average,331,0
4036,Diptera.5,category,larva_average,12626,NA
4051,Diptera.80,category,larva_average,211,0
4051,Diptera.80,category,larva_average,216,8
4051,Diptera.80,category,larva_average,221,1
4051,Diptera.80,category,larva_average,226,0
4051,Diptera.80,category,larva_average,231,0
4051,Diptera.80,category,larva_average,236,203
4051,Diptera.80,category,larva_average,241,0
4051,Diptera.80,category,larva_average,246,40
4051,Diptera.80,category,larva_average,251,0
4051,Diptera.80,category,larva_average,256,0
4051,Diptera.80,category,larva_average,261,0
4051,Diptera.80,category,larva_average,266,74
4051,Diptera.80,category,larva_average,271,0
4051,Diptera.80,category,larva_average,276,0
4051,Diptera.80,category,larva_average,281,9
4051,Diptera.80,category,larva_average,286,30
4051,Diptera.80,category,larva_average,291,0
4051,Diptera.80,category,larva_average,296,0
4051,Diptera.80,category,larva_average,301,0
4051,Diptera.80,category,larva_average,306,0
4051,Diptera.80,category,larva_average,311,0
4051,Diptera.80,category,larva_average,316,0
4051,Diptera.80,category,larva_average,321,0
4051,Diptera.80,category,larva_average,326,0
4051,Diptera.80,category,larva_average,331,0
4051,Diptera.80,category,larva_average,12626,NA
4336,Diptera.358,category,larva_average,211,0
4336,Diptera.358,category,larva_average,216,4
4336,Diptera.358,category,larva_average,221,1
4336,Diptera.358,category,larva_average,226,1
4336,Diptera.358,category,larva_average,231,10
4336,Diptera.358,category,larva_average,236,5
4336,Diptera.358,category,larva_average,241,0
4336,Diptera.358,category,larva_average,246,23
4336,Diptera.358,category,larva_average,251,0
4336,Diptera.358,category,larva_average,256,6
4336,Diptera.358,category,larva_average,261,0
4336,Diptera.358,category,larva_average,266,8
4336,Diptera.358,category,larva_average,271,10
4336,Diptera.358,category,larva_average,276,0
4336,Diptera.358,category,larva_average,281,8
4336,Diptera.358,category,larva_average,286,18
4336,Diptera.358,category,larva_average,291,2
4336,Diptera.358,category,larva_average,296,0
4336,Diptera.358,category,larva_average,301,0
4336,Diptera.358,category,larva_average,306,1
4336,Diptera.358,category,larva_average,311,0
4336,Diptera.358,category,larva_average,316,0
4336,Diptera.358,category,larva_average,321,0
4336,Diptera.358,category,larva_average,326,0
4336,Diptera.358,category,larva_average,331,0
4336,Diptera.358,category,larva_average,12626,NA
4341,Diptera.359,category,larva_average,211,0
4341,Diptera.359,category,larva_average,216,0
4341,Diptera.359,category,larva_average,221,0
4341,Diptera.359,category,larva_average,226,1
4341,Diptera.359,category,larva_average,231,2
4341,Diptera.359,category,larva_average,236,0
4341,Diptera.359,category,larva_average,241,0
4341,Diptera.359,category,larva_average,246,0
4341,Diptera.359,category,larva_average,251,0
4341,Diptera.359,category,larva_average,256,1
4341,Diptera.359,category,larva_average,261,1
4341,Diptera.359,category,larva_average,266,0
4341,Diptera.359,category,larva_average,271,0
4341,Diptera.359,category,larva_average,276,0
4341,Diptera.359,category,larva_average,281,0
4341,Diptera.359,category,larva_average,286,0
4341,Diptera.359,category,larva_average,291,0
4341,Diptera.359,category,larva_average,296,0
4341,Diptera.359,category,larva_average,301,0
4341,Diptera.359,category,larva_average,306,0
4341,Diptera.359,category,larva_average,311,0
4341,Diptera.359,category,larva_average,316,0
4341,Diptera.359,category,larva_average,321,0
4341,Diptera.359,category,larva_average,326,0
4341,Diptera.359,category,larva_average,331,0
4341,Diptera.359,category,larva_average,12626,NA
4346,Diptera.360,category,larva_average,211,0
4346,Diptera.360,category,larva_average,216,0
4346,Diptera.360,category,larva_average,221,1
4346,Diptera.360,category,larva_average,226,0
4346,Diptera.360,category,larva_average,231,1
4346,Diptera.360,category,larva_average,236,0
4346,Diptera.360,category,larva_average,241,0
4346,Diptera.360,category,larva_average,246,1
4346,Diptera.360,category,larva_average,251,0
4346,Diptera.360,category,larva_average,256,0
4346,Diptera.360,category,larva_average,261,0
4346,Diptera.360,category,larva_average,266,0
4346,Diptera.360,category,larva_average,271,1
4346,Diptera.360,category,larva_average,276,1
4346,Diptera.360,category,larva_average,281,0
4346,Diptera.360,category,larva_average,286,2
4346,Diptera.360,category,larva_average,291,0
4346,Diptera.360,category,larva_average,296,0
4346,Diptera.360,category,larva_average,301,0
4346,Diptera.360,category,larva_average,306,0
4346,Diptera.360,category,larva_average,311,0
4346,Diptera.360,category,larva_average,316,0
4346,Diptera.360,category,larva_average,321,0
4346,Diptera.360,category,larva_average,326,0
4346,Diptera.360,category,larva_average,331,0
4346,Diptera.360,category,larva_average,12626,NA
4356,Diptera.361,category,larva_average,211,0
4356,Diptera.361,category,larva_average,216,0
4356,Diptera.361,category,larva_average,221,1
4356,Diptera.361,category,larva_average,226,0
4356,Diptera.361,category,larva_average,231,0
4356,Diptera.361,category,larva_average,236,1
4356,Diptera.361,category,larva_average,241,0
4356,Diptera.361,category,larva_average,246,3
4356,Diptera.361,category,larva_average,251,0
4356,Diptera.361,category,larva_average,256,1
4356,Diptera.361,category,larva_average,261,0
4356,Diptera.361,category,larva_average,266,0
4356,Diptera.361,category,larva_average,271,0
4356,Diptera.361,category,larva_average,276,0
4356,Diptera.361,category,larva_average,281,0
4356,Diptera.361,category,larva_average,286,0
4356,Diptera.361,category,larva_average,291,0
4356,Diptera.361,category,larva_average,296,0
4356,Diptera.361,category,larva_average,301,0
4356,Diptera.361,category,larva_average,306,0
4356,Diptera.361,category,larva_average,311,0
4356,Diptera.361,category,larva_average,316,0
4356,Diptera.361,category,larva_average,321,0
4356,Diptera.361,category,larva_average,326,0
4356,Diptera.361,category,larva_average,331,0
4356,Diptera.361,category,larva_average,12626,NA
4711,Diptera.307,category,larva_average,211,0
4711,Diptera.307,category,larva_average,216,0
4711,Diptera.307,category,larva_average,221,0
4711,Diptera.307,category,larva_average,226,0
4711,Diptera.307,category,larva_average,231,0
4711,Diptera.307,category,larva_average,236,0
4711,Diptera.307,category,larva_average,241,0
4711,Diptera.307,category,larva_average,246,0
4711,Diptera.307,category,larva_average,251,0
4711,Diptera.307,category,larva_average,256,0
4711,Diptera.307,category,larva_average,261,0
4711,Diptera.307,category,larva_average,266,0
4711,Diptera.307,category,larva_average,271,0
4711,Diptera.307,category,larva_average,276,0
4711,Diptera.307,category,larva_average,281,0
4711,Diptera.307,category,larva_average,286,0
4711,Diptera.307,category,larva_average,291,0
4711,Diptera.307,category,larva_average,296,0
4711,Diptera.307,category,larva_average,301,1
4711,Diptera.307,category,larva_average,306,0
4711,Diptera.307,category,larva_average,311,14
4711,Diptera.307,category,larva_average,316,0
4711,Diptera.307,category,larva_average,321,11
4711,Diptera.307,category,larva_average,326,2
4711,Diptera.307,category,larva_average,331,6
4711,Diptera.307,category,larva_average,12626,NA
4721,Diptera.6,category,larva_average,211,0
4721,Diptera.6,category,larva_average,216,0
4721,Diptera.6,category,larva_average,221,0
4721,Diptera.6,category,larva_average,226,0
4721,Diptera.6,category,larva_average,231,0
4721,Diptera.6,category,larva_average,236,0
4721,Diptera.6,category,larva_average,241,0
4721,Diptera.6,category,larva_average,246,0
4721,Diptera.6,category,larva_average,251,0
4721,Diptera.6,category,larva_average,256,0
4721,Diptera.6,category,larva_average,261,0
4721,Diptera.6,category,larva_average,266,0
4721,Diptera.6,category,larva_average,271,0
4721,Diptera.6,category,larva_average,276,0
4721,Diptera.6,category,larva_average,281,0
4721,Diptera.6,category,larva_average,286,0
4721,Diptera.6,category,larva_average,291,0
4721,Diptera.6,category,larva_average,296,0
4721,Diptera.6,category,larva_average,301,0
4721,Diptera.6,category,larva_average,306,0
4721,Diptera.6,category,larva_average,311,0
4721,Diptera.6,category,larva_average,316,1
4721,Diptera.6,category,larva_average,321,1
4721,Diptera.6,category,larva_average,326,0
4721,Diptera.6,category,larva_average,331,0
4721,Diptera.6,category,larva_average,12626,NA
4731,Diptera.92,category,larva_average,211,2
4731,Diptera.92,category,larva_average,216,2
4731,Diptera.92,category,larva_average,221,0
4731,Diptera.92,category,larva_average,226,5
4731,Diptera.92,category,larva_average,231,3
4731,Diptera.92,category,larva_average,236,20
4731,Diptera.92,category,larva_average,241,0
4731,Diptera.92,category,larva_average,246,12
4731,Diptera.92,category,larva_average,251,0
4731,Diptera.92,category,larva_average,256,0
4731,Diptera.92,category,larva_average,261,1
4731,Diptera.92,category,larva_average,266,11
4731,Diptera.92,category,larva_average,271,27
4731,Diptera.92,category,larva_average,276,0
4731,Diptera.92,category,larva_average,281,5
4731,Diptera.92,category,larva_average,286,9
4731,Diptera.92,category,larva_average,291,0
4731,Diptera.92,category,larva_average,296,1
4731,Diptera.92,category,larva_average,301,2
4731,Diptera.92,category,larva_average,306,0
4731,Diptera.92,category,larva_average,311,2
4731,Diptera.92,category,larva_average,316,17
4731,Diptera.92,category,larva_average,321,0
4731,Diptera.92,category,larva_average,326,1
4731,Diptera.92,category,larva_average,331,0
4731,Diptera.92,category,larva_average,12626,NA
5001,Diptera.128,category,larva_average,211,0
5001,Diptera.128,category,larva_average,216,0
5001,Diptera.128,category,larva_average,221,0
5001,Diptera.128,category,larva_average,226,0
5001,Diptera.128,category,larva_average,231,1
5001,Diptera.128,category,larva_average,236,0
5001,Diptera.128,category,larva_average,241,0
5001,Diptera.128,category,larva_average,246,0
5001,Diptera.128,category,larva_average,251,0
5001,Diptera.128,category,larva_average,256,0
5001,Diptera.128,category,larva_average,261,0
5001,Diptera.128,category,larva_average,266,0
5001,Diptera.128,category,larva_average,271,0
5001,Diptera.128,category,larva_average,276,0
5001,Diptera.128,category,larva_average,281,0
5001,Diptera.128,category,larva_average,286,0
5001,Diptera.128,category,larva_average,291,0
5001,Diptera.128,category,larva_average,296,0
5001,Diptera.128,category,larva_average,301,0
5001,Diptera.128,category,larva_average,306,0
5001,Diptera.128,category,larva_average,311,0
5001,Diptera.128,category,larva_average,316,0
5001,Diptera.128,category,larva_average,321,0
5001,Diptera.128,category,larva_average,326,0
5001,Diptera.128,category,larva_average,331,0
5001,Diptera.128,category,larva_average,12626,NA
5006,Diptera.372,category,larva_huge,211,0
5006,Diptera.372,category,larva_huge,216,0
5006,Diptera.372,category,larva_huge,221,0
5006,Diptera.372,category,larva_huge,226,0
5006,Diptera.372,category,larva_huge,231,0
5006,Diptera.372,category,larva_huge,236,0
5006,Diptera.372,category,larva_huge,241,0
5006,Diptera.372,category,larva_huge,246,0
5006,Diptera.372,category,larva_huge,251,0
5006,Diptera.372,category,larva_huge,256,1
5006,Diptera.372,category,larva_huge,261,0
5006,Diptera.372,category,larva_huge,266,0
5006,Diptera.372,category,larva_huge,271,0
5006,Diptera.372,category,larva_huge,276,0
5006,Diptera.372,category,larva_huge,281,0
5006,Diptera.372,category,larva_huge,286,0
5006,Diptera.372,category,larva_huge,291,0
5006,Diptera.372,category,larva_huge,296,0
5006,Diptera.372,category,larva_huge,301,0
5006,Diptera.372,category,larva_huge,306,0
5006,Diptera.372,category,larva_huge,311,0
5006,Diptera.372,category,larva_huge,316,0
5006,Diptera.372,category,larva_huge,321,0
5006,Diptera.372,category,larva_huge,326,0
5006,Diptera.372,category,larva_huge,331,0
5006,Diptera.372,category,larva_huge,12626,NA
5011,Acari.3,category,adult_0.5_1mm,211,0
5011,Acari.3,category,adult_0.5_1mm,216,0
5011,Acari.3,category,adult_0.5_1mm,221,0
5011,Acari.3,category,adult_0.5_1mm,226,0
5011,Acari.3,category,adult_0.5_1mm,231,0
5011,Acari.3,category,adult_0.5_1mm,236,0
5011,Acari.3,category,adult_0.5_1mm,241,0
5011,Acari.3,category,adult_0.5_1mm,246,0
5011,Acari.3,category,adult_0.5_1mm,251,0
5011,Acari.3,category,adult_0.5_1mm,256,0
5011,Acari.3,category,adult_0.5_1mm,261,0
5011,Acari.3,category,adult_0.5_1mm,266,0
5011,Acari.3,category,adult_0.5_1mm,271,1
5011,Acari.3,category,adult_0.5_1mm,276,0
5011,Acari.3,category,adult_0.5_1mm,281,0
5011,Acari.3,category,adult_0.5_1mm,286,0
5011,Acari.3,category,adult_0.5_1mm,291,0
5011,Acari.3,category,adult_0.5_1mm,296,0
5011,Acari.3,category,adult_0.5_1mm,301,0
5011,Acari.3,category,adult_0.5_1mm,306,0
5011,Acari.3,category,adult_0.5_1mm,311,0
5011,Acari.3,category,adult_0.5_1mm,316,0
5011,Acari.3,category,adult_0.5_1mm,321,0
5011,Acari.3,category,adult_0.5_1mm,326,0
5011,Acari.3,category,adult_0.5_1mm,331,0
5011,Acari.3,category,adult_0.5_1mm,12626,NA
5056,Diptera.130,category,larva_average,211,0
5056,Diptera.130,category,larva_average,216,1
5056,Diptera.130,category,larva_average,221,0
5056,Diptera.130,category,larva_average,226,0
5056,Diptera.130,category,larva_average,231,0
5056,Diptera.130,category,larva_average,236,1
5056,Diptera.130,category,larva_average,241,0
5056,Diptera.130,category,larva_average,246,0
5056,Diptera.130,category,larva_average,251,0
5056,Diptera.130,category,larva_average,256,0
5056,Diptera.130,category,larva_average,261,0
5056,Diptera.130,category,larva_average,266,1
5056,Diptera.130,category,larva_average,271,0
5056,Diptera.130,category,larva_average,276,1
5056,Diptera.130,category,larva_average,281,1
5056,Diptera.130,category,larva_average,286,5
5056,Diptera.130,category,larva_average,291,1
5056,Diptera.130,category,larva_average,296,0
5056,Diptera.130,category,larva_average,301,0
5056,Diptera.130,category,larva_average,306,0
5056,Diptera.130,category,larva_average,311,0
5056,Diptera.130,category,larva_average,316,0
5056,Diptera.130,category,larva_average,321,0
5056,Diptera.130,category,larva_average,326,0
5056,Diptera.130,category,larva_average,331,0
5056,Diptera.130,category,larva_average,12626,NA
5061,Diptera.131,category,larva_average,211,0
5061,Diptera.131,category,larva_average,216,0
5061,Diptera.131,category,larva_average,221,1
5061,Diptera.131,category,larva_average,226,0
5061,Diptera.131,category,larva_average,231,0
5061,Diptera.131,category,larva_average,236,0
5061,Diptera.131,category,larva_average,241,0
5061,Diptera.131,category,larva_average,246,0
5061,Diptera.131,category,larva_average,251,0
5061,Diptera.131,category,larva_average,256,0
5061,Diptera.131,category,larva_average,261,0
5061,Diptera.131,category,larva_average,266,0
5061,Diptera.131,category,larva_average,271,0
5061,Diptera.131,category,larva_average,276,0
5061,Diptera.131,category,larva_average,281,0
5061,Diptera.131,category,larva_average,286,0
5061,Diptera.131,category,larva_average,291,0
5061,Diptera.131,category,larva_average,296,0
5061,Diptera.131,category,larva_average,301,1
5061,Diptera.131,category,larva_average,306,0
5061,Diptera.131,category,larva_average,311,1
5061,Diptera.131,category,larva_average,316,1
5061,Diptera.131,category,larva_average,321,0
5061,Diptera.131,category,larva_average,326,0
5061,Diptera.131,category,larva_average,331,0
5061,Diptera.131,category,larva_average,12626,NA
5111,Diptera.137,category,larva_average,211,6
5111,Diptera.137,category,larva_average,216,0
5111,Diptera.137,category,larva_average,221,1
5111,Diptera.137,category,larva_average,226,0
5111,Diptera.137,category,larva_average,231,0
5111,Diptera.137,category,larva_average,236,0
5111,Diptera.137,category,larva_average,241,0
5111,Diptera.137,category,larva_average,246,0
5111,Diptera.137,category,larva_average,251,0
5111,Diptera.137,category,larva_average,256,0
5111,Diptera.137,category,larva_average,261,0
5111,Diptera.137,category,larva_average,266,0
5111,Diptera.137,category,larva_average,271,0
5111,Diptera.137,category,larva_average,276,0
5111,Diptera.137,category,larva_average,281,0
5111,Diptera.137,category,larva_average,286,0
5111,Diptera.137,category,larva_average,291,0
5111,Diptera.137,category,larva_average,296,3
5111,Diptera.137,category,larva_average,301,9
5111,Diptera.137,category,larva_average,306,1
5111,Diptera.137,category,larva_average,311,0
5111,Diptera.137,category,larva_average,316,4
5111,Diptera.137,category,larva_average,321,0
5111,Diptera.137,category,larva_average,326,0
5111,Diptera.137,category,larva_average,331,0
5111,Diptera.137,category,larva_average,12626,NA
5116,Diptera.138,category,larva_average,211,0
5116,Diptera.138,category,larva_average,216,2
5116,Diptera.138,category,larva_average,221,0
5116,Diptera.138,category,larva_average,226,0
5116,Diptera.138,category,larva_average,231,1
5116,Diptera.138,category,larva_average,236,2
5116,Diptera.138,category,larva_average,241,0
5116,Diptera.138,category,larva_average,246,0
5116,Diptera.138,category,larva_average,251,0
5116,Diptera.138,category,larva_average,256,0
5116,Diptera.138,category,larva_average,261,0
5116,Diptera.138,category,larva_average,266,0
5116,Diptera.138,category,larva_average,271,0
5116,Diptera.138,category,larva_average,276,1
5116,Diptera.138,category,larva_average,281,1
5116,Diptera.138,category,larva_average,286,0
5116,Diptera.138,category,larva_average,291,0
5116,Diptera.138,category,larva_average,296,0
5116,Diptera.138,category,larva_average,301,0
5116,Diptera.138,category,larva_average,306,0
5116,Diptera.138,category,larva_average,311,0
5116,Diptera.138,category,larva_average,316,0
5116,Diptera.138,category,larva_average,321,0
5116,Diptera.138,category,larva_average,326,0
5116,Diptera.138,category,larva_average,331,0
5116,Diptera.138,category,larva_average,12626,NA
5221,Diptera.179,category,larva_average,211,4
5221,Diptera.179,category,larva_average,216,1
5221,Diptera.179,category,larva_average,221,0
5221,Diptera.179,category,larva_average,226,0
5221,Diptera.179,category,larva_average,231,0
5221,Diptera.179,category,larva_average,236,0
5221,Diptera.179,category,larva_average,241,0
5221,Diptera.179,category,larva_average,246,0
5221,Diptera.179,category,larva_average,251,0
5221,Diptera.179,category,larva_average,256,0
5221,Diptera.179,category,larva_average,261,1
5221,Diptera.179,category,larva_average,266,0
5221,Diptera.179,category,larva_average,271,2
5221,Diptera.179,category,larva_average,276,0
5221,Diptera.179,category,larva_average,281,1
5221,Diptera.179,category,larva_average,286,1
5221,Diptera.179,category,larva_average,291,0
5221,Diptera.179,category,larva_average,296,0
5221,Diptera.179,category,larva_average,301,1
5221,Diptera.179,category,larva_average,306,1
5221,Diptera.179,category,larva_average,311,0
5221,Diptera.179,category,larva_average,316,0
5221,Diptera.179,category,larva_average,321,0
5221,Diptera.179,category,larva_average,326,0
5221,Diptera.179,category,larva_average,331,0
5221,Diptera.179,category,larva_average,12626,NA
5326,Diptera.364,category,larva_average,211,0
5326,Diptera.364,category,larva_average,216,0
5326,Diptera.364,category,larva_average,221,1
5326,Diptera.364,category,larva_average,226,15
5326,Diptera.364,category,larva_average,231,2
5326,Diptera.364,category,larva_average,236,2
5326,Diptera.364,category,larva_average,241,0
5326,Diptera.364,category,larva_average,246,1
5326,Diptera.364,category,larva_average,251,0
5326,Diptera.364,category,larva_average,256,3
5326,Diptera.364,category,larva_average,261,0
5326,Diptera.364,category,larva_average,266,6
5326,Diptera.364,category,larva_average,271,0
5326,Diptera.364,category,larva_average,276,0
5326,Diptera.364,category,larva_average,281,4
5326,Diptera.364,category,larva_average,286,0
5326,Diptera.364,category,larva_average,291,0
5326,Diptera.364,category,larva_average,296,0
5326,Diptera.364,category,larva_average,301,0
5326,Diptera.364,category,larva_average,306,0
5326,Diptera.364,category,larva_average,311,0
5326,Diptera.364,category,larva_average,316,0
5326,Diptera.364,category,larva_average,321,0
5326,Diptera.364,category,larva_average,326,0
5326,Diptera.364,category,larva_average,331,0
5326,Diptera.364,category,larva_average,12626,NA
5331,Diptera.365,category,larva_average,211,0
5331,Diptera.365,category,larva_average,216,0
5331,Diptera.365,category,larva_average,221,1
5331,Diptera.365,category,larva_average,226,0
5331,Diptera.365,category,larva_average,231,0
5331,Diptera.365,category,larva_average,236,2
5331,Diptera.365,category,larva_average,241,0
5331,Diptera.365,category,larva_average,246,0
5331,Diptera.365,category,larva_average,251,0
5331,Diptera.365,category,larva_average,256,0
5331,Diptera.365,category,larva_average,261,0
5331,Diptera.365,category,larva_average,266,0
5331,Diptera.365,category,larva_average,271,0
5331,Diptera.365,category,larva_average,276,0
5331,Diptera.365,category,larva_average,281,0
5331,Diptera.365,category,larva_average,286,5
5331,Diptera.365,category,larva_average,291,0
5331,Diptera.365,category,larva_average,296,0
5331,Diptera.365,category,larva_average,301,0
5331,Diptera.365,category,larva_average,306,0
5331,Diptera.365,category,larva_average,311,0
5331,Diptera.365,category,larva_average,316,0
5331,Diptera.365,category,larva_average,321,0
5331,Diptera.365,category,larva_average,326,0
5331,Diptera.365,category,larva_average,331,0
5331,Diptera.365,category,larva_average,12626,NA
5341,Diptera.366,category,larva_average,211,0
5341,Diptera.366,category,larva_average,216,0
5341,Diptera.366,category,larva_average,221,0
5341,Diptera.366,category,larva_average,226,0
5341,Diptera.366,category,larva_average,231,0
5341,Diptera.366,category,larva_average,236,0
5341,Diptera.366,category,larva_average,241,0
5341,Diptera.366,category,larva_average,246,0
5341,Diptera.366,category,larva_average,251,0
5341,Diptera.366,category,larva_average,256,7
5341,Diptera.366,category,larva_average,261,0
5341,Diptera.366,category,larva_average,266,0
5341,Diptera.366,category,larva_average,271,0
5341,Diptera.366,category,larva_average,276,0
5341,Diptera.366,category,larva_average,281,0
5341,Diptera.366,category,larva_average,286,0
5341,Diptera.366,category,larva_average,291,0
5341,Diptera.366,category,larva_average,296,0
5341,Diptera.366,category,larva_average,301,0
5341,Diptera.366,category,larva_average,306,0
5341,Diptera.366,category,larva_average,311,0
5341,Diptera.366,category,larva_average,316,0
5341,Diptera.366,category,larva_average,321,0
5341,Diptera.366,category,larva_average,326,0
5341,Diptera.366,category,larva_average,331,0
5341,Diptera.366,category,larva_average,12626,NA
5346,Diptera.367,category,larva_average,211,0
5346,Diptera.367,category,larva_average,216,0
5346,Diptera.367,category,larva_average,221,0
5346,Diptera.367,category,larva_average,226,0
5346,Diptera.367,category,larva_average,231,0
5346,Diptera.367,category,larva_average,236,0
5346,Diptera.367,category,larva_average,241,0
5346,Diptera.367,category,larva_average,246,0
5346,Diptera.367,category,larva_average,251,0
5346,Diptera.367,category,larva_average,256,0
5346,Diptera.367,category,larva_average,261,0
5346,Diptera.367,category,larva_average,266,2
5346,Diptera.367,category,larva_average,271,0
5346,Diptera.367,category,larva_average,276,0
5346,Diptera.367,category,larva_average,281,0
5346,Diptera.367,category,larva_average,286,0
5346,Diptera.367,category,larva_average,291,0
5346,Diptera.367,category,larva_average,296,0
5346,Diptera.367,category,larva_average,301,0
5346,Diptera.367,category,larva_average,306,0
5346,Diptera.367,category,larva_average,311,0
5346,Diptera.367,category,larva_average,316,0
5346,Diptera.367,category,larva_average,321,0
5346,Diptera.367,category,larva_average,326,0
5346,Diptera.367,category,larva_average,331,0
5346,Diptera.367,category,larva_average,12626,NA
5351,Diptera.368,category,larva_average,211,0
5351,Diptera.368,category,larva_average,216,0
5351,Diptera.368,category,larva_average,221,0
5351,Diptera.368,category,larva_average,226,0
5351,Diptera.368,category,larva_average,231,0
5351,Diptera.368,category,larva_average,236,0
5351,Diptera.368,category,larva_average,241,0
5351,Diptera.368,category,larva_average,246,0
5351,Diptera.368,category,larva_average,251,0
5351,Diptera.368,category,larva_average,256,0
5351,Diptera.368,category,larva_average,261,0
5351,Diptera.368,category,larva_average,266,4
5351,Diptera.368,category,larva_average,271,0
5351,Diptera.368,category,larva_average,276,0
5351,Diptera.368,category,larva_average,281,2
5351,Diptera.368,category,larva_average,286,1
5351,Diptera.368,category,larva_average,291,0
5351,Diptera.368,category,larva_average,296,0
5351,Diptera.368,category,larva_average,301,0
5351,Diptera.368,category,larva_average,306,0
5351,Diptera.368,category,larva_average,311,0
5351,Diptera.368,category,larva_average,316,0
5351,Diptera.368,category,larva_average,321,0
5351,Diptera.368,category,larva_average,326,0
5351,Diptera.368,category,larva_average,331,0
5351,Diptera.368,category,larva_average,12626,NA
5436,Diptera.232,category,larva_6.5mm,211,0
5436,Diptera.232,category,larva_6.5mm,216,3
5436,Diptera.232,category,larva_6.5mm,221,2
5436,Diptera.232,category,larva_6.5mm,226,0
5436,Diptera.232,category,larva_6.5mm,231,105
5436,Diptera.232,category,larva_6.5mm,236,14
5436,Diptera.232,category,larva_6.5mm,241,1
5436,Diptera.232,category,larva_6.5mm,246,0
5436,Diptera.232,category,larva_6.5mm,251,0
5436,Diptera.232,category,larva_6.5mm,256,1
5436,Diptera.232,category,larva_6.5mm,261,0
5436,Diptera.232,category,larva_6.5mm,266,10
5436,Diptera.232,category,larva_6.5mm,271,0
5436,Diptera.232,category,larva_6.5mm,276,9
5436,Diptera.232,category,larva_6.5mm,281,0
5436,Diptera.232,category,larva_6.5mm,286,1
5436,Diptera.232,category,larva_6.5mm,291,0
5436,Diptera.232,category,larva_6.5mm,296,0
5436,Diptera.232,category,larva_6.5mm,301,0
5436,Diptera.232,category,larva_6.5mm,306,0
5436,Diptera.232,category,larva_6.5mm,311,0
5436,Diptera.232,category,larva_6.5mm,316,0
5436,Diptera.232,category,larva_6.5mm,321,0
5436,Diptera.232,category,larva_6.5mm,326,0
5436,Diptera.232,category,larva_6.5mm,331,0
5436,Diptera.232,category,larva_6.5mm,12626,NA
5541,Diptera.145,category,larva_6mm,211,0
5541,Diptera.145,category,larva_6mm,216,0
5541,Diptera.145,category,larva_6mm,221,0
5541,Diptera.145,category,larva_6mm,226,0
5541,Diptera.145,category,larva_6mm,231,0
5541,Diptera.145,category,larva_6mm,236,1
5541,Diptera.145,category,larva_6mm,241,0
5541,Diptera.145,category,larva_6mm,246,0
5541,Diptera.145,category,larva_6mm,251,0
5541,Diptera.145,category,larva_6mm,256,0
5541,Diptera.145,category,larva_6mm,261,0
5541,Diptera.145,category,larva_6mm,266,0
5541,Diptera.145,category,larva_6mm,271,0
5541,Diptera.145,category,larva_6mm,276,0
5541,Diptera.145,category,larva_6mm,281,0
5541,Diptera.145,category,larva_6mm,286,0
5541,Diptera.145,category,larva_6mm,291,0
5541,Diptera.145,category,larva_6mm,296,0
5541,Diptera.145,category,larva_6mm,301,0
5541,Diptera.145,category,larva_6mm,306,0
5541,Diptera.145,category,larva_6mm,311,0
5541,Diptera.145,category,larva_6mm,316,0
5541,Diptera.145,category,larva_6mm,321,0
5541,Diptera.145,category,larva_6mm,326,0
5541,Diptera.145,category,larva_6mm,331,0
5541,Diptera.145,category,larva_6mm,12626,NA
5546,Acari.4,category,adult_0.5_1mm,211,0
5546,Acari.4,category,adult_0.5_1mm,216,0
5546,Acari.4,category,adult_0.5_1mm,221,0
5546,Acari.4,category,adult_0.5_1mm,226,0
5546,Acari.4,category,adult_0.5_1mm,231,0
5546,Acari.4,category,adult_0.5_1mm,236,0
5546,Acari.4,category,adult_0.5_1mm,241,0
5546,Acari.4,category,adult_0.5_1mm,246,0
5546,Acari.4,category,adult_0.5_1mm,251,0
5546,Acari.4,category,adult_0.5_1mm,256,0
5546,Acari.4,category,adult_0.5_1mm,261,0
5546,Acari.4,category,adult_0.5_1mm,266,0
5546,Acari.4,category,adult_0.5_1mm,271,1
5546,Acari.4,category,adult_0.5_1mm,276,0
5546,Acari.4,category,adult_0.5_1mm,281,0
5546,Acari.4,category,adult_0.5_1mm,286,0
5546,Acari.4,category,adult_0.5_1mm,291,0
5546,Acari.4,category,adult_0.5_1mm,296,0
5546,Acari.4,category,adult_0.5_1mm,301,0
5546,Acari.4,category,adult_0.5_1mm,306,0
5546,Acari.4,category,adult_0.5_1mm,311,0
5546,Acari.4,category,adult_0.5_1mm,316,0
5546,Acari.4,category,adult_0.5_1mm,321,0
5546,Acari.4,category,adult_0.5_1mm,326,0
5546,Acari.4,category,adult_0.5_1mm,331,0
5546,Acari.4,category,adult_0.5_1mm,12626,NA
5561,Diptera.193,category,larva_7mm,211,0
5561,Diptera.193,category,larva_7mm,216,0
5561,Diptera.193,category,larva_7mm,221,0
5561,Diptera.193,category,larva_7mm,226,0
5561,Diptera.193,category,larva_7mm,231,0
5561,Diptera.193,category,larva_7mm,236,0
5561,Diptera.193,category,larva_7mm,241,0
5561,Diptera.193,category,larva_7mm,246,0
5561,Diptera.193,category,larva_7mm,251,0
5561,Diptera.193,category,larva_7mm,256,0
5561,Diptera.193,category,larva_7mm,261,1
5561,Diptera.193,category,larva_7mm,266,0
5561,Diptera.193,category,larva_7mm,271,0
5561,Diptera.193,category,larva_7mm,276,0
5561,Diptera.193,category,larva_7mm,281,0
5561,Diptera.193,category,larva_7mm,286,0
5561,Diptera.193,category,larva_7mm,291,0
5561,Diptera.193,category,larva_7mm,296,0
5561,Diptera.193,category,larva_7mm,301,0
5561,Diptera.193,category,larva_7mm,306,0
5561,Diptera.193,category,larva_7mm,311,0
5561,Diptera.193,category,larva_7mm,316,0
5561,Diptera.193,category,larva_7mm,321,0
5561,Diptera.193,category,larva_7mm,326,0
5561,Diptera.193,category,larva_7mm,331,0
5561,Diptera.193,category,larva_7mm,12626,NA
5566,Diptera.227,category,larva_14mm,211,0
5566,Diptera.227,category,larva_14mm,216,0
5566,Diptera.227,category,larva_14mm,221,0
5566,Diptera.227,category,larva_14mm,226,0
5566,Diptera.227,category,larva_14mm,231,0
5566,Diptera.227,category,larva_14mm,236,4
5566,Diptera.227,category,larva_14mm,241,0
5566,Diptera.227,category,larva_14mm,246,0
5566,Diptera.227,category,larva_14mm,251,0
5566,Diptera.227,category,larva_14mm,256,0
5566,Diptera.227,category,larva_14mm,261,0
5566,Diptera.227,category,larva_14mm,266,0
5566,Diptera.227,category,larva_14mm,271,0
5566,Diptera.227,category,larva_14mm,276,0
5566,Diptera.227,category,larva_14mm,281,0
5566,Diptera.227,category,larva_14mm,286,0
5566,Diptera.227,category,larva_14mm,291,0
5566,Diptera.227,category,larva_14mm,296,0
5566,Diptera.227,category,larva_14mm,301,0
5566,Diptera.227,category,larva_14mm,306,0
5566,Diptera.227,category,larva_14mm,311,0
5566,Diptera.227,category,larva_14mm,316,0
5566,Diptera.227,category,larva_14mm,321,0
5566,Diptera.227,category,larva_14mm,326,0
5566,Diptera.227,category,larva_14mm,331,0
5566,Diptera.227,category,larva_14mm,12626,NA
5576,Diptera.8,category,larva_small,211,1
5576,Diptera.8,category,larva_small,216,0
5576,Diptera.8,category,larva_small,221,0
5576,Diptera.8,category,larva_small,226,0
5576,Diptera.8,category,larva_small,231,0
5576,Diptera.8,category,larva_small,236,0
5576,Diptera.8,category,larva_small,241,0
5576,Diptera.8,category,larva_small,246,0
5576,Diptera.8,category,larva_small,251,0
5576,Diptera.8,category,larva_small,256,0
5576,Diptera.8,category,larva_small,261,0
5576,Diptera.8,category,larva_small,266,0
5576,Diptera.8,category,larva_small,271,0
5576,Diptera.8,category,larva_small,276,0
5576,Diptera.8,category,larva_small,281,0
5576,Diptera.8,category,larva_small,286,0
5576,Diptera.8,category,larva_small,291,0
5576,Diptera.8,category,larva_small,296,0
5576,Diptera.8,category,larva_small,301,0
5576,Diptera.8,category,larva_small,306,0
5576,Diptera.8,category,larva_small,311,0
5576,Diptera.8,category,larva_small,316,0
5576,Diptera.8,category,larva_small,321,0
5576,Diptera.8,category,larva_small,326,0
5576,Diptera.8,category,larva_small,331,0
5576,Diptera.8,category,larva_small,12626,NA
5681,Diptera.362,category,larva_average,211,0
5681,Diptera.362,category,larva_average,216,0
5681,Diptera.362,category,larva_average,221,0
5681,Diptera.362,category,larva_average,226,0
5681,Diptera.362,category,larva_average,231,0
5681,Diptera.362,category,larva_average,236,0
5681,Diptera.362,category,larva_average,241,0
5681,Diptera.362,category,larva_average,246,2
5681,Diptera.362,category,larva_average,251,0
5681,Diptera.362,category,larva_average,256,0
5681,Diptera.362,category,larva_average,261,0
5681,Diptera.362,category,larva_average,266,0
5681,Diptera.362,category,larva_average,271,0
5681,Diptera.362,category,larva_average,276,0
5681,Diptera.362,category,larva_average,281,0
5681,Diptera.362,category,larva_average,286,0
5681,Diptera.362,category,larva_average,291,0
5681,Diptera.362,category,larva_average,296,0
5681,Diptera.362,category,larva_average,301,0
5681,Diptera.362,category,larva_average,306,0
5681,Diptera.362,category,larva_average,311,0
5681,Diptera.362,category,larva_average,316,0
5681,Diptera.362,category,larva_average,321,0
5681,Diptera.362,category,larva_average,326,0
5681,Diptera.362,category,larva_average,331,0
5681,Diptera.362,category,larva_average,12626,NA
5686,Diptera.369,category,larva_6mm,211,0
5686,Diptera.369,category,larva_6mm,216,0
5686,Diptera.369,category,larva_6mm,221,0
5686,Diptera.369,category,larva_6mm,226,0
5686,Diptera.369,category,larva_6mm,231,1
5686,Diptera.369,category,larva_6mm,236,0
5686,Diptera.369,category,larva_6mm,241,0
5686,Diptera.369,category,larva_6mm,246,0
5686,Diptera.369,category,larva_6mm,251,0
5686,Diptera.369,category,larva_6mm,256,0
5686,Diptera.369,category,larva_6mm,261,0
5686,Diptera.369,category,larva_6mm,266,0
5686,Diptera.369,category,larva_6mm,271,0
5686,Diptera.369,category,larva_6mm,276,0
5686,Diptera.369,category,larva_6mm,281,0
5686,Diptera.369,category,larva_6mm,286,0
5686,Diptera.369,category,larva_6mm,291,0
5686,Diptera.369,category,larva_6mm,296,0
5686,Diptera.369,category,larva_6mm,301,0
5686,Diptera.369,category,larva_6mm,306,0
5686,Diptera.369,category,larva_6mm,311,0
5686,Diptera.369,category,larva_6mm,316,0
5686,Diptera.369,category,larva_6mm,321,0
5686,Diptera.369,category,larva_6mm,326,0
5686,Diptera.369,category,larva_6mm,331,0
5686,Diptera.369,category,larva_6mm,12626,NA
5691,Diptera.370,category,larva_15mm,211,0
5691,Diptera.370,category,larva_15mm,216,0
5691,Diptera.370,category,larva_15mm,221,0
5691,Diptera.370,category,larva_15mm,226,0
5691,Diptera.370,category,larva_15mm,231,0
5691,Diptera.370,category,larva_15mm,236,0
5691,Diptera.370,category,larva_15mm,241,0
5691,Diptera.370,category,larva_15mm,246,0
5691,Diptera.370,category,larva_15mm,251,0
5691,Diptera.370,category,larva_15mm,256,0
5691,Diptera.370,category,larva_15mm,261,0
5691,Diptera.370,category,larva_15mm,266,0
5691,Diptera.370,category,larva_15mm,271,1
5691,Diptera.370,category,larva_15mm,276,0
5691,Diptera.370,category,larva_15mm,281,0
5691,Diptera.370,category,larva_15mm,286,0
5691,Diptera.370,category,larva_15mm,291,0
5691,Diptera.370,category,larva_15mm,296,0
5691,Diptera.370,category,larva_15mm,301,0
5691,Diptera.370,category,larva_15mm,306,0
5691,Diptera.370,category,larva_15mm,311,0
5691,Diptera.370,category,larva_15mm,316,0
5691,Diptera.370,category,larva_15mm,321,0
5691,Diptera.370,category,larva_15mm,326,0
5691,Diptera.370,category,larva_15mm,331,0
5691,Diptera.370,category,larva_15mm,12626,NA
5696,Diptera.371,category,larva_11mm,211,0
5696,Diptera.371,category,larva_11mm,216,0
5696,Diptera.371,category,larva_11mm,221,0
5696,Diptera.371,category,larva_11mm,226,0
5696,Diptera.371,category,larva_11mm,231,0
5696,Diptera.371,category,larva_11mm,236,0
5696,Diptera.371,category,larva_11mm,241,0
5696,Diptera.371,category,larva_11mm,246,0
5696,Diptera.371,category,larva_11mm,251,0
5696,Diptera.371,category,larva_11mm,256,0
5696,Diptera.371,category,larva_11mm,261,0
5696,Diptera.371,category,larva_11mm,266,0
5696,Diptera.371,category,larva_11mm,271,0
5696,Diptera.371,category,larva_11mm,276,0
5696,Diptera.371,category,larva_11mm,281,0
5696,Diptera.371,category,larva_11mm,286,1
5696,Diptera.371,category,larva_11mm,291,0
5696,Diptera.371,category,larva_11mm,296,0
5696,Diptera.371,category,larva_11mm,301,0
5696,Diptera.371,category,larva_11mm,306,0
5696,Diptera.371,category,larva_11mm,311,0
5696,Diptera.371,category,larva_11mm,316,0
5696,Diptera.371,category,larva_11mm,321,0
5696,Diptera.371,category,larva_11mm,326,0
5696,Diptera.371,category,larva_11mm,331,0
5696,Diptera.371,category,larva_11mm,12626,NA
5906,Diptera.293,category,larva_xsmall,211,0
5906,Diptera.293,category,larva_xsmall,216,1
5906,Diptera.293,category,larva_xsmall,221,0
5906,Diptera.293,category,larva_xsmall,226,0
5906,Diptera.293,category,larva_xsmall,231,0
5906,Diptera.293,category,larva_xsmall,236,1
5906,Diptera.293,category,larva_xsmall,241,3
5906,Diptera.293,category,larva_xsmall,246,0
5906,Diptera.293,category,larva_xsmall,251,0
5906,Diptera.293,category,larva_xsmall,256,1
5906,Diptera.293,category,larva_xsmall,261,0
5906,Diptera.293,category,larva_xsmall,266,9
5906,Diptera.293,category,larva_xsmall,271,1
5906,Diptera.293,category,larva_xsmall,276,2
5906,Diptera.293,category,larva_xsmall,281,2
5906,Diptera.293,category,larva_xsmall,286,2
5906,Diptera.293,category,larva_xsmall,291,1
5906,Diptera.293,category,larva_xsmall,296,0
5906,Diptera.293,category,larva_xsmall,301,0
5906,Diptera.293,category,larva_xsmall,306,2
5906,Diptera.293,category,larva_xsmall,311,0
5906,Diptera.293,category,larva_xsmall,316,0
5906,Diptera.293,category,larva_xsmall,321,0
5906,Diptera.293,category,larva_xsmall,326,1
5906,Diptera.293,category,larva_xsmall,331,0
5906,Diptera.293,category,larva_xsmall,12626,NA
5921,Diptera.363,category,larva_average,211,0
5921,Diptera.363,category,larva_average,216,0
5921,Diptera.363,category,larva_average,221,0
5921,Diptera.363,category,larva_average,226,0
5921,Diptera.363,category,larva_average,231,0
5921,Diptera.363,category,larva_average,236,0
5921,Diptera.363,category,larva_average,241,0
5921,Diptera.363,category,larva_average,246,0
5921,Diptera.363,category,larva_average,251,0
5921,Diptera.363,category,larva_average,256,0
5921,Diptera.363,category,larva_average,261,0
5921,Diptera.363,category,larva_average,266,1
5921,Diptera.363,category,larva_average,271,1
5921,Diptera.363,category,larva_average,276,0
5921,Diptera.363,category,larva_average,281,0
5921,Diptera.363,category,larva_average,286,0
5921,Diptera.363,category,larva_average,291,0
5921,Diptera.363,category,larva_average,296,0
5921,Diptera.363,category,larva_average,301,0
5921,Diptera.363,category,larva_average,306,0
5921,Diptera.363,category,larva_average,311,0
5921,Diptera.363,category,larva_average,316,0
5921,Diptera.363,category,larva_average,321,0
5921,Diptera.363,category,larva_average,326,0
5921,Diptera.363,category,larva_average,331,0
5921,Diptera.363,category,larva_average,12626,NA
6071,Haplotaxida.1,category,adult_average,211,0
6071,Haplotaxida.1,category,adult_average,216,3
6071,Haplotaxida.1,category,adult_average,221,6
6071,Haplotaxida.1,category,adult_average,226,7
6071,Haplotaxida.1,category,adult_average,231,0
6071,Haplotaxida.1,category,adult_average,236,4
6071,Haplotaxida.1,category,adult_average,241,0
6071,Haplotaxida.1,category,adult_average,246,6
6071,Haplotaxida.1,category,adult_average,251,0
6071,Haplotaxida.1,category,adult_average,256,1
6071,Haplotaxida.1,category,adult_average,261,9
6071,Haplotaxida.1,category,adult_average,266,6
6071,Haplotaxida.1,category,adult_average,271,3
6071,Haplotaxida.1,category,adult_average,276,2
6071,Haplotaxida.1,category,adult_average,281,10
6071,Haplotaxida.1,category,adult_average,286,12
6071,Haplotaxida.1,category,adult_average,291,0
6071,Haplotaxida.1,category,adult_average,296,0
6071,Haplotaxida.1,category,adult_average,301,0
6071,Haplotaxida.1,category,adult_average,306,3
6071,Haplotaxida.1,category,adult_average,311,0
6071,Haplotaxida.1,category,adult_average,316,0
6071,Haplotaxida.1,category,adult_average,321,0
6071,Haplotaxida.1,category,adult_average,326,0
6071,Haplotaxida.1,category,adult_average,331,1
6071,Haplotaxida.1,category,adult_average,12626,NA
6086,Acari.5,category,adult_0.5_1mm,211,0
6086,Acari.5,category,adult_0.5_1mm,216,0
6086,Acari.5,category,adult_0.5_1mm,221,0
6086,Acari.5,category,adult_0.5_1mm,226,0
6086,Acari.5,category,adult_0.5_1mm,231,0
6086,Acari.5,category,adult_0.5_1mm,236,0
6086,Acari.5,category,adult_0.5_1mm,241,0
6086,Acari.5,category,adult_0.5_1mm,246,0
6086,Acari.5,category,adult_0.5_1mm,251,0
6086,Acari.5,category,adult_0.5_1mm,256,0
6086,Acari.5,category,adult_0.5_1mm,261,0
6086,Acari.5,category,adult_0.5_1mm,266,0
6086,Acari.5,category,adult_0.5_1mm,271,0
6086,Acari.5,category,adult_0.5_1mm,276,0
6086,Acari.5,category,adult_0.5_1mm,281,0
6086,Acari.5,category,adult_0.5_1mm,286,1
6086,Acari.5,category,adult_0.5_1mm,291,0
6086,Acari.5,category,adult_0.5_1mm,296,0
6086,Acari.5,category,adult_0.5_1mm,301,0
6086,Acari.5,category,adult_0.5_1mm,306,0
6086,Acari.5,category,adult_0.5_1mm,311,0
6086,Acari.5,category,adult_0.5_1mm,316,0
6086,Acari.5,category,adult_0.5_1mm,321,0
6086,Acari.5,category,adult_0.5_1mm,326,0
6086,Acari.5,category,adult_0.5_1mm,331,0
6086,Acari.5,category,adult_0.5_1mm,12626,NA
6176,Hirudinea.5,category,adult_average,211,0
6176,Hirudinea.5,category,adult_average,216,0
6176,Hirudinea.5,category,adult_average,221,10
6176,Hirudinea.5,category,adult_average,226,15
6176,Hirudinea.5,category,adult_average,231,2
6176,Hirudinea.5,category,adult_average,236,0
6176,Hirudinea.5,category,adult_average,241,0
6176,Hirudinea.5,category,adult_average,246,0
6176,Hirudinea.5,category,adult_average,251,0
6176,Hirudinea.5,category,adult_average,256,0
6176,Hirudinea.5,category,adult_average,261,0
6176,Hirudinea.5,category,adult_average,266,1
6176,Hirudinea.5,category,adult_average,271,0
6176,Hirudinea.5,category,adult_average,276,0
6176,Hirudinea.5,category,adult_average,281,4
6176,Hirudinea.5,category,adult_average,286,0
6176,Hirudinea.5,category,adult_average,291,1
6176,Hirudinea.5,category,adult_average,296,0
6176,Hirudinea.5,category,adult_average,301,0
6176,Hirudinea.5,category,adult_average,306,0
6176,Hirudinea.5,category,adult_average,311,0
6176,Hirudinea.5,category,adult_average,316,0
6176,Hirudinea.5,category,adult_average,321,0
6176,Hirudinea.5,category,adult_average,326,0
6176,Hirudinea.5,category,adult_average,331,0
6176,Hirudinea.5,category,adult_average,12626,NA
6181,Hirudinea.6,category,adult_average,211,0
6181,Hirudinea.6,category,adult_average,216,0
6181,Hirudinea.6,category,adult_average,221,0
6181,Hirudinea.6,category,adult_average,226,0
6181,Hirudinea.6,category,adult_average,231,0
6181,Hirudinea.6,category,adult_average,236,0
6181,Hirudinea.6,category,adult_average,241,0
6181,Hirudinea.6,category,adult_average,246,0
6181,Hirudinea.6,category,adult_average,251,0
6181,Hirudinea.6,category,adult_average,256,0
6181,Hirudinea.6,category,adult_average,261,0
6181,Hirudinea.6,category,adult_average,266,0
6181,Hirudinea.6,category,adult_average,271,0
6181,Hirudinea.6,category,adult_average,276,0
6181,Hirudinea.6,category,adult_average,281,1
6181,Hirudinea.6,category,adult_average,286,0
6181,Hirudinea.6,category,adult_average,291,0
6181,Hirudinea.6,category,adult_average,296,0
6181,Hirudinea.6,category,adult_average,301,0
6181,Hirudinea.6,category,adult_average,306,0
6181,Hirudinea.6,category,adult_average,311,0
6181,Hirudinea.6,category,adult_average,316,0
6181,Hirudinea.6,category,adult_average,321,0
6181,Hirudinea.6,category,adult_average,326,0
6181,Hirudinea.6,category,adult_average,331,0
6181,Hirudinea.6,category,adult_average,12626,NA
6261,Odonata.5,category,larva_1.5mm,211,0
6261,Odonata.5,category,larva_1.5mm,216,0
6261,Odonata.5,category,larva_1.5mm,221,0
6261,Odonata.5,category,larva_1.5mm,226,0
6261,Odonata.5,category,larva_1.5mm,231,0
6261,Odonata.5,category,larva_1.5mm,236,0
6261,Odonata.5,category,larva_1.5mm,241,0
6261,Odonata.5,category,larva_1.5mm,246,0
6261,Odonata.5,category,larva_1.5mm,251,0
6261,Odonata.5,category,larva_1.5mm,256,0
6261,Odonata.5,category,larva_1.5mm,261,0
6261,Odonata.5,category,larva_1.5mm,266,0
6261,Odonata.5,category,larva_1.5mm,271,0
6261,Odonata.5,category,larva_1.5mm,276,0
6261,Odonata.5,category,larva_1.5mm,281,0
6261,Odonata.5,category,larva_1.5mm,286,0
6261,Odonata.5,category,larva_1.5mm,291,0
6261,Odonata.5,category,larva_1.5mm,296,0
6261,Odonata.5,category,larva_1.5mm,301,0
6261,Odonata.5,category,larva_1.5mm,306,0
6261,Odonata.5,category,larva_1.5mm,311,0
6261,Odonata.5,category,larva_1.5mm,316,1
6261,Odonata.5,category,larva_1.5mm,321,0
6261,Odonata.5,category,larva_1.5mm,326,0
6261,Odonata.5,category,larva_1.5mm,331,0
6261,Odonata.5,category,larva_1.5mm,12626,NA
6271,Odonata.7,category,larva_2mm,211,0
6271,Odonata.7,category,larva_2mm,216,0
6271,Odonata.7,category,larva_2mm,221,0
6271,Odonata.7,category,larva_2mm,226,0
6271,Odonata.7,category,larva_2mm,231,0
6271,Odonata.7,category,larva_2mm,236,0
6271,Odonata.7,category,larva_2mm,241,0
6271,Odonata.7,category,larva_2mm,246,0
6271,Odonata.7,category,larva_2mm,251,0
6271,Odonata.7,category,larva_2mm,256,0
6271,Odonata.7,category,larva_2mm,261,0
6271,Odonata.7,category,larva_2mm,266,0
6271,Odonata.7,category,larva_2mm,271,0
6271,Odonata.7,category,larva_2mm,276,0
6271,Odonata.7,category,larva_2mm,281,1
6271,Odonata.7,category,larva_2mm,286,1
6271,Odonata.7,category,larva_2mm,291,0
6271,Odonata.7,category,larva_2mm,296,0
6271,Odonata.7,category,larva_2mm,301,0
6271,Odonata.7,category,larva_2mm,306,0
6271,Odonata.7,category,larva_2mm,311,0
6271,Odonata.7,category,larva_2mm,316,0
6271,Odonata.7,category,larva_2mm,321,0
6271,Odonata.7,category,larva_2mm,326,0
6271,Odonata.7,category,larva_2mm,331,0
6271,Odonata.7,category,larva_2mm,12626,NA
6356,Coleoptera.34,category,larva_tiny,211,0
6356,Coleoptera.34,category,larva_tiny,216,4
6356,Coleoptera.34,category,larva_tiny,221,0
6356,Coleoptera.34,category,larva_tiny,226,0
6356,Coleoptera.34,category,larva_tiny,231,0
6356,Coleoptera.34,category,larva_tiny,236,0
6356,Coleoptera.34,category,larva_tiny,241,0
6356,Coleoptera.34,category,larva_tiny,246,0
6356,Coleoptera.34,category,larva_tiny,251,0
6356,Coleoptera.34,category,larva_tiny,256,0
6356,Coleoptera.34,category,larva_tiny,261,0
6356,Coleoptera.34,category,larva_tiny,266,0
6356,Coleoptera.34,category,larva_tiny,271,0
6356,Coleoptera.34,category,larva_tiny,276,0
6356,Coleoptera.34,category,larva_tiny,281,0
6356,Coleoptera.34,category,larva_tiny,286,6
6356,Coleoptera.34,category,larva_tiny,291,0
6356,Coleoptera.34,category,larva_tiny,296,0
6356,Coleoptera.34,category,larva_tiny,301,0
6356,Coleoptera.34,category,larva_tiny,306,0
6356,Coleoptera.34,category,larva_tiny,311,0
6356,Coleoptera.34,category,larva_tiny,316,0
6356,Coleoptera.34,category,larva_tiny,321,0
6356,Coleoptera.34,category,larva_tiny,326,0
6356,Coleoptera.34,category,larva_tiny,331,0
6356,Coleoptera.34,category,larva_tiny,12626,NA
6381,Ostracoda.9,category,adult_average,211,0
6381,Ostracoda.9,category,adult_average,216,0
6381,Ostracoda.9,category,adult_average,221,0
6381,Ostracoda.9,category,adult_average,226,0
6381,Ostracoda.9,category,adult_average,231,0
6381,Ostracoda.9,category,adult_average,236,0
6381,Ostracoda.9,category,adult_average,241,0
6381,Ostracoda.9,category,adult_average,246,0
6381,Ostracoda.9,category,adult_average,251,0
6381,Ostracoda.9,category,adult_average,256,0
6381,Ostracoda.9,category,adult_average,261,0
6381,Ostracoda.9,category,adult_average,266,0
6381,Ostracoda.9,category,adult_average,271,0
6381,Ostracoda.9,category,adult_average,276,0
6381,Ostracoda.9,category,adult_average,281,0
6381,Ostracoda.9,category,adult_average,286,1
6381,Ostracoda.9,category,adult_average,291,0
6381,Ostracoda.9,category,adult_average,296,0
6381,Ostracoda.9,category,adult_average,301,0
6381,Ostracoda.9,category,adult_average,306,0
6381,Ostracoda.9,category,adult_average,311,0
6381,Ostracoda.9,category,adult_average,316,0
6381,Ostracoda.9,category,adult_average,321,0
6381,Ostracoda.9,category,adult_average,326,0
6381,Ostracoda.9,category,adult_average,331,0
6381,Ostracoda.9,category,adult_average,12626,NA
6386,Ostracoda.4,category,adult_average,211,1
6386,Ostracoda.4,category,adult_average,216,6
6386,Ostracoda.4,category,adult_average,221,0
6386,Ostracoda.4,category,adult_average,226,1
6386,Ostracoda.4,category,adult_average,231,3
6386,Ostracoda.4,category,adult_average,236,0
6386,Ostracoda.4,category,adult_average,241,0
6386,Ostracoda.4,category,adult_average,246,4
6386,Ostracoda.4,category,adult_average,251,3
6386,Ostracoda.4,category,adult_average,256,9
6386,Ostracoda.4,category,adult_average,261,4
6386,Ostracoda.4,category,adult_average,266,17
6386,Ostracoda.4,category,adult_average,271,488
6386,Ostracoda.4,category,adult_average,276,199
6386,Ostracoda.4,category,adult_average,281,2
6386,Ostracoda.4,category,adult_average,286,3
6386,Ostracoda.4,category,adult_average,291,273
6386,Ostracoda.4,category,adult_average,296,0
6386,Ostracoda.4,category,adult_average,301,0
6386,Ostracoda.4,category,adult_average,306,1146
6386,Ostracoda.4,category,adult_average,311,0
6386,Ostracoda.4,category,adult_average,316,0
6386,Ostracoda.4,category,adult_average,321,0
6386,Ostracoda.4,category,adult_average,326,1
6386,Ostracoda.4,category,adult_average,331,0
6386,Ostracoda.4,category,adult_average,12626,NA
6411,Coleoptera.35,category,larva_small,211,0
6411,Coleoptera.35,category,larva_small,216,0
6411,Coleoptera.35,category,larva_small,221,0
6411,Coleoptera.35,category,larva_small,226,7
6411,Coleoptera.35,category,larva_small,231,7
6411,Coleoptera.35,category,larva_small,236,0
6411,Coleoptera.35,category,larva_small,241,0
6411,Coleoptera.35,category,larva_small,246,0
6411,Coleoptera.35,category,larva_small,251,0
6411,Coleoptera.35,category,larva_small,256,0
6411,Coleoptera.35,category,larva_small,261,0
6411,Coleoptera.35,category,larva_small,266,3
6411,Coleoptera.35,category,larva_small,271,0
6411,Coleoptera.35,category,larva_small,276,0
6411,Coleoptera.35,category,larva_small,281,0
6411,Coleoptera.35,category,larva_small,286,0
6411,Coleoptera.35,category,larva_small,291,0
6411,Coleoptera.35,category,larva_small,296,0
6411,Coleoptera.35,category,larva_small,301,0
6411,Coleoptera.35,category,larva_small,306,0
6411,Coleoptera.35,category,larva_small,311,0
6411,Coleoptera.35,category,larva_small,316,0
6411,Coleoptera.35,category,larva_small,321,0
6411,Coleoptera.35,category,larva_small,326,0
6411,Coleoptera.35,category,larva_small,331,0
6411,Coleoptera.35,category,larva_small,12626,NA
6496,Trichoptera.1,category,larva_average,211,0
6496,Trichoptera.1,category,larva_average,216,1
6496,Trichoptera.1,category,larva_average,221,7
6496,Trichoptera.1,category,larva_average,226,23
6496,Trichoptera.1,category,larva_average,231,1
6496,Trichoptera.1,category,larva_average,236,24
6496,Trichoptera.1,category,larva_average,241,0
6496,Trichoptera.1,category,larva_average,246,38
6496,Trichoptera.1,category,larva_average,251,0
6496,Trichoptera.1,category,larva_average,256,22
6496,Trichoptera.1,category,larva_average,261,0
6496,Trichoptera.1,category,larva_average,266,0
6496,Trichoptera.1,category,larva_average,271,19
6496,Trichoptera.1,category,larva_average,276,0
6496,Trichoptera.1,category,larva_average,281,0
6496,Trichoptera.1,category,larva_average,286,44
6496,Trichoptera.1,category,larva_average,291,0
6496,Trichoptera.1,category,larva_average,296,0
6496,Trichoptera.1,category,larva_average,301,0
6496,Trichoptera.1,category,larva_average,306,0
6496,Trichoptera.1,category,larva_average,311,0
6496,Trichoptera.1,category,larva_average,316,0
6496,Trichoptera.1,category,larva_average,321,0
6496,Trichoptera.1,category,larva_average,326,0
6496,Trichoptera.1,category,larva_average,331,0
6496,Trichoptera.1,category,larva_average,12626,NA
6721,Diptera.536,category,larva_average,211,1
6721,Diptera.536,category,larva_average,216,0
6721,Diptera.536,category,larva_average,221,0
6721,Diptera.536,category,larva_average,226,0
6721,Diptera.536,category,larva_average,231,0
6721,Diptera.536,category,larva_average,236,0
6721,Diptera.536,category,larva_average,241,0
6721,Diptera.536,category,larva_average,246,2
6721,Diptera.536,category,larva_average,251,0
6721,Diptera.536,category,larva_average,256,0
6721,Diptera.536,category,larva_average,261,1
6721,Diptera.536,category,larva_average,266,2
6721,Diptera.536,category,larva_average,271,5
6721,Diptera.536,category,larva_average,276,0
6721,Diptera.536,category,larva_average,281,1
6721,Diptera.536,category,larva_average,286,0
6721,Diptera.536,category,larva_average,291,0
6721,Diptera.536,category,larva_average,296,0
6721,Diptera.536,category,larva_average,301,0
6721,Diptera.536,category,larva_average,306,0
6721,Diptera.536,category,larva_average,311,0
6721,Diptera.536,category,larva_average,316,1
6721,Diptera.536,category,larva_average,321,0
6721,Diptera.536,category,larva_average,326,0
6721,Diptera.536,category,larva_average,331,0
6721,Diptera.536,category,larva_average,12626,NA
6726,Odonata.11,category,larva_2mm,211,0
6726,Odonata.11,category,larva_2mm,216,0
6726,Odonata.11,category,larva_2mm,221,0
6726,Odonata.11,category,larva_2mm,226,0
6726,Odonata.11,category,larva_2mm,231,0
6726,Odonata.11,category,larva_2mm,236,0
6726,Odonata.11,category,larva_2mm,241,0
6726,Odonata.11,category,larva_2mm,246,0
6726,Odonata.11,category,larva_2mm,251,0
6726,Odonata.11,category,larva_2mm,256,0
6726,Odonata.11,category,larva_2mm,261,0
6726,Odonata.11,category,larva_2mm,266,1
6726,Odonata.11,category,larva_2mm,271,0
6726,Odonata.11,category,larva_2mm,276,0
6726,Odonata.11,category,larva_2mm,281,0
6726,Odonata.11,category,larva_2mm,286,0
6726,Odonata.11,category,larva_2mm,291,0
6726,Odonata.11,category,larva_2mm,296,0
6726,Odonata.11,category,larva_2mm,301,0
6726,Odonata.11,category,larva_2mm,306,0
6726,Odonata.11,category,larva_2mm,311,0
6726,Odonata.11,category,larva_2mm,316,0
6726,Odonata.11,category,larva_2mm,321,0
6726,Odonata.11,category,larva_2mm,326,0
6726,Odonata.11,category,larva_2mm,331,0
6726,Odonata.11,category,larva_2mm,12626,NA
